[{"name":"Juan Bermudez", "gender":"FEMALE", "age":26},{"name":"Ana Bermudez", "gender":"FEMALE", "age":46},{"name":"Hanna Coto", "gender":"FEMALE", "age":43},{"name":"Diego Ramirez", "gender":"FEMALE", "age":29},{"name":"Enrique Herrera", "gender":"MALE", "age":53},{"name":"Jorge Solis", "gender":"MALE", "age":104},{"name":"Jorge Bermudez", "gender":"MALE", "age":93},{"name":"Gabriela Sanchez", "gender":"FEMALE", "age":26},{"name":"Juan Solis", "gender":"MALE", "age":32},{"name":"Lorenzo Herrera", "gender":"MALE", "age":42},{"name":"Gabriela Bermudez", "gender":"FEMALE", "age":49},{"name":"Diana Bermudez", "gender":"MALE", "age":82},{"name":"Alberto Herrera", "gender":"FEMALE", "age":39},{"name":"Bernardo Bermudez", "gender":"MALE", "age":26},{"name":"Diego Sanchez", "gender":"FEMALE", "age":21},{"name":"Diego Chin", "gender":"FEMALE", "age":102},{"name":"Diego Coto", "gender":"FEMALE", "age":67},{"name":"Carlos Mora", "gender":"FEMALE", "age":67},{"name":"Enrique Salas", "gender":"MALE", "age":52},{"name":"Jorge Gonzalez", "gender":"FEMALE", "age":6},{"name":"Juan Perez", "gender":"FEMALE", "age":32},{"name":"Fernanda Ramirez", "gender":"MALE", "age":69},{"name":"Diego Mora", "gender":"FEMALE", "age":1},{"name":"Fernanda Arias", "gender":"MALE", "age":64},{"name":"Diego Perez", "gender":"MALE", "age":16},{"name":"Diana Hernandez", "gender":"MALE", "age":97},{"name":"Hanna Ramirez", "gender":"FEMALE", "age":33},{"name":"Jose Sanchez", "gender":"FEMALE", "age":96},{"name":"Carlos Gonzalez", "gender":"MALE", "age":2},{"name":"Jose Coto", "gender":"FEMALE", "age":60},{"name":"Ana Chin", "gender":"MALE", "age":24},{"name":"Jorge Rodriguez", "gender":"FEMALE", "age":35},{"name":"Alberto Herrera", "gender":"FEMALE", "age":35},{"name":"Enrique Herrera", "gender":"MALE", "age":31},{"name":"Enrique Soto", "gender":"FEMALE", "age":80},{"name":"Enrique Perez", "gender":"MALE", "age":97},{"name":"Enrique Ramirez", "gender":"MALE", "age":97},{"name":"Fernanda Mora", "gender":"FEMALE", "age":29},{"name":"Diego Gomez", "gender":"MALE", "age":85},{"name":"Alberto Coto", "gender":"FEMALE", "age":56},{"name":"Diego Bermudez", "gender":"MALE", "age":28},{"name":"Diana Perez", "gender":"FEMALE", "age":27},{"name":"Diego Sanchez", "gender":"FEMALE", "age":111},{"name":"Diana Gomez", "gender":"FEMALE", "age":36},{"name":"Alberto Soto", "gender":"FEMALE", "age":113},{"name":"Ana Rodriguez", "gender":"FEMALE", "age":78},{"name":"Alberto Gomez", "gender":"MALE", "age":16},{"name":"Fernanda Ramirez", "gender":"FEMALE", "age":103},{"name":"Ana Ramirez", "gender":"MALE", "age":4},{"name":"Gabriela Gomez", "gender":"MALE", "age":99},{"name":"Gabriela Gonzalez", "gender":"MALE", "age":105},{"name":"Hanna Ramirez", "gender":"MALE", "age":1},{"name":"Juan Hernandez", "gender":"FEMALE", "age":111},{"name":"Jorge Coto", "gender":"FEMALE", "age":10},{"name":"Hanna Herrera", "gender":"FEMALE", "age":105},{"name":"Diana Perez", "gender":"FEMALE", "age":88},{"name":"Alberto Ramirez", "gender":"MALE", "age":93},{"name":"Diana Soto", "gender":"MALE", "age":66},{"name":"Ana Hernandez", "gender":"FEMALE", "age":97},{"name":"Gabriela Chin", "gender":"MALE", "age":119},{"name":"Alberto Herrera", "gender":"FEMALE", "age":82},{"name":"Ana Brenes", "gender":"FEMALE", "age":105},{"name":"Carlos Arias", "gender":"MALE", "age":52},{"name":"Ana Rodriguez", "gender":"FEMALE", "age":83},{"name":"Diego Rodriguez", "gender":"FEMALE", "age":96},{"name":"Diana Bermudez", "gender":"MALE", "age":51},{"name":"Diego Rodriguez", "gender":"FEMALE", "age":31},{"name":"Bernardo Mora", "gender":"MALE", "age":110},{"name":"Diego Soto", "gender":"FEMALE", "age":58},{"name":"Jorge Solis", "gender":"MALE", "age":87},{"name":"Diego Bermudez", "gender":"MALE", "age":27},{"name":"Carlos Marin", "gender":"MALE", "age":73},{"name":"Carlos Solis", "gender":"FEMALE", "age":115},{"name":"Fernanda Rodriguez", "gender":"FEMALE", "age":89},{"name":"Jose Brenes", "gender":"FEMALE", "age":69},{"name":"Diego Gonzalez", "gender":"MALE", "age":2},{"name":"Jorge Gomez", "gender":"FEMALE", "age":113},{"name":"Jose Gonzalez", "gender":"MALE", "age":25},{"name":"Gabriela Ramirez", "gender":"FEMALE", "age":22},{"name":"Juan Ramirez", "gender":"FEMALE", "age":51},{"name":"Fernanda Gomez", "gender":"MALE", "age":8},{"name":"Ana Mora", "gender":"FEMALE", "age":47},{"name":"Carlos Marin", "gender":"MALE", "age":63},{"name":"Alberto Ramirez", "gender":"FEMALE", "age":36},{"name":"Enrique Arias", "gender":"MALE", "age":73},{"name":"Bernardo Herrera", "gender":"MALE", "age":1},{"name":"Fernanda Herrera", "gender":"MALE", "age":3},{"name":"Diego Arias", "gender":"FEMALE", "age":21},{"name":"Bernardo Perez", "gender":"MALE", "age":18},{"name":"Lorenzo Rodriguez", "gender":"MALE", "age":26},{"name":"Carlos Salas", "gender":"MALE", "age":21},{"name":"Jose Brenes", "gender":"MALE", "age":76},{"name":"Jose Bermudez", "gender":"MALE", "age":49},{"name":"Fernanda Brenes", "gender":"FEMALE", "age":114},{"name":"Diego Hernandez", "gender":"MALE", "age":117},{"name":"Hanna Coto", "gender":"MALE", "age":79},{"name":"Fernanda Herrera", "gender":"FEMALE", "age":45},{"name":"Juan Gonzalez", "gender":"MALE", "age":49},{"name":"Juan Rodriguez", "gender":"FEMALE", "age":104},{"name":"Enrique Bermudez", "gender":"FEMALE", "age":34},{"name":"Alberto Herrera", "gender":"MALE", "age":117},{"name":"Alberto Solis", "gender":"FEMALE", "age":82},{"name":"Juan Arias", "gender":"FEMALE", "age":97},{"name":"Bernardo Gomez", "gender":"FEMALE", "age":5},{"name":"Juan Salas", "gender":"MALE", "age":35},{"name":"Diana Brenes", "gender":"FEMALE", "age":67},{"name":"Jose Herrera", "gender":"MALE", "age":75},{"name":"Jose Brenes", "gender":"MALE", "age":66},{"name":"Juan Chin", "gender":"MALE", "age":73},{"name":"Diego Herrera", "gender":"MALE", "age":107},{"name":"Fernanda Brenes", "gender":"FEMALE", "age":14},{"name":"Carlos Marin", "gender":"MALE", "age":56},{"name":"Juan Herrera", "gender":"FEMALE", "age":65},{"name":"Jose Soto", "gender":"MALE", "age":31},{"name":"Gabriela Herrera", "gender":"FEMALE", "age":92},{"name":"Fernanda Gonzalez", "gender":"MALE", "age":55},{"name":"Hanna Salas", "gender":"MALE", "age":18},{"name":"Diego Salas", "gender":"MALE", "age":20},{"name":"Gabriela Herrera", "gender":"FEMALE", "age":72},{"name":"Diana Marin", "gender":"MALE", "age":105},{"name":"Carlos Chin", "gender":"MALE", "age":119},{"name":"Juan Sanchez", "gender":"MALE", "age":93},{"name":"Diego Brenes", "gender":"MALE", "age":115},{"name":"Diana Herrera", "gender":"FEMALE", "age":42},{"name":"Gabriela Perez", "gender":"MALE", "age":59},{"name":"Bernardo Coto", "gender":"FEMALE", "age":85},{"name":"Enrique Salas", "gender":"FEMALE", "age":78},{"name":"Jose Rodriguez", "gender":"MALE", "age":113},{"name":"Jose Coto", "gender":"FEMALE", "age":43},{"name":"Bernardo Coto", "gender":"MALE", "age":119},{"name":"Hanna Chin", "gender":"MALE", "age":19},{"name":"Bernardo Herrera", "gender":"FEMALE", "age":5},{"name":"Gabriela Arias", "gender":"MALE", "age":100},{"name":"Diego Solis", "gender":"FEMALE", "age":50},{"name":"Carlos Hernandez", "gender":"MALE", "age":110},{"name":"Jorge Herrera", "gender":"FEMALE", "age":52},{"name":"Diego Coto", "gender":"FEMALE", "age":18},{"name":"Ana Salas", "gender":"FEMALE", "age":51},{"name":"Ana Rodriguez", "gender":"FEMALE", "age":76},{"name":"Diego Sanchez", "gender":"MALE", "age":70},{"name":"Ana Coto", "gender":"FEMALE", "age":77},{"name":"Lorenzo Perez", "gender":"FEMALE", "age":0},{"name":"Hanna Perez", "gender":"MALE", "age":30},{"name":"Diana Solis", "gender":"FEMALE", "age":64},{"name":"Fernanda Herrera", "gender":"MALE", "age":1},{"name":"Juan Arias", "gender":"MALE", "age":32},{"name":"Fernanda Brenes", "gender":"MALE", "age":46},{"name":"Juan Sanchez", "gender":"FEMALE", "age":33},{"name":"Lorenzo Marin", "gender":"MALE", "age":23},{"name":"Diego Mora", "gender":"FEMALE", "age":89},{"name":"Fernanda Herrera", "gender":"FEMALE", "age":31},{"name":"Hanna Gonzalez", "gender":"FEMALE", "age":41},{"name":"Jorge Rodriguez", "gender":"FEMALE", "age":16},{"name":"Hanna Herrera", "gender":"FEMALE", "age":119},{"name":"Enrique Chin", "gender":"MALE", "age":16},{"name":"Diego Chin", "gender":"MALE", "age":67},{"name":"Enrique Marin", "gender":"FEMALE", "age":88},{"name":"Jorge Marin", "gender":"MALE", "age":117},{"name":"Carlos Gonzalez", "gender":"MALE", "age":29},{"name":"Jorge Coto", "gender":"MALE", "age":97},{"name":"Alberto Brenes", "gender":"FEMALE", "age":79},{"name":"Diego Salas", "gender":"FEMALE", "age":98},{"name":"Lorenzo Arias", "gender":"FEMALE", "age":36},{"name":"Lorenzo Sanchez", "gender":"FEMALE", "age":31},{"name":"Gabriela Chin", "gender":"FEMALE", "age":42},{"name":"Enrique Herrera", "gender":"FEMALE", "age":53},{"name":"Diego Salas", "gender":"FEMALE", "age":64},{"name":"Jorge Coto", "gender":"MALE", "age":25},{"name":"Hanna Herrera", "gender":"MALE", "age":50},{"name":"Jorge Brenes", "gender":"MALE", "age":25},{"name":"Hanna Coto", "gender":"FEMALE", "age":96},{"name":"Carlos Brenes", "gender":"FEMALE", "age":84},{"name":"Alberto Brenes", "gender":"FEMALE", "age":9},{"name":"Jorge Hernandez", "gender":"FEMALE", "age":55},{"name":"Fernanda Chin", "gender":"FEMALE", "age":96},{"name":"Ana Marin", "gender":"FEMALE", "age":61},{"name":"Enrique Salas", "gender":"MALE", "age":29},{"name":"Diego Herrera", "gender":"FEMALE", "age":100},{"name":"Lorenzo Perez", "gender":"MALE", "age":11},{"name":"Carlos Solis", "gender":"FEMALE", "age":13},{"name":"Enrique Rodriguez", "gender":"FEMALE", "age":106},{"name":"Jose Chin", "gender":"MALE", "age":78},{"name":"Juan Perez", "gender":"MALE", "age":108},{"name":"Diego Soto", "gender":"FEMALE", "age":67},{"name":"Ana Chin", "gender":"FEMALE", "age":33},{"name":"Gabriela Gomez", "gender":"FEMALE", "age":44},{"name":"Alberto Herrera", "gender":"FEMALE", "age":30},{"name":"Hanna Soto", "gender":"FEMALE", "age":119},{"name":"Diego Rodriguez", "gender":"MALE", "age":48},{"name":"Carlos Gomez", "gender":"FEMALE", "age":28},{"name":"Carlos Soto", "gender":"FEMALE", "age":35},{"name":"Fernanda Marin", "gender":"FEMALE", "age":11},{"name":"Jose Hernandez", "gender":"FEMALE", "age":89},{"name":"Enrique Soto", "gender":"MALE", "age":105},{"name":"Diego Herrera", "gender":"FEMALE", "age":15},{"name":"Diego Marin", "gender":"FEMALE", "age":75},{"name":"Gabriela Salas", "gender":"FEMALE", "age":90},{"name":"Hanna Arias", "gender":"MALE", "age":63},{"name":"Fernanda Hernandez", "gender":"FEMALE", "age":75},{"name":"Ana Gonzalez", "gender":"FEMALE", "age":28},{"name":"Lorenzo Bermudez", "gender":"MALE", "age":91},{"name":"Gabriela Herrera", "gender":"FEMALE", "age":103},{"name":"Lorenzo Rodriguez", "gender":"MALE", "age":24},{"name":"Diego Marin", "gender":"MALE", "age":14},{"name":"Diego Solis", "gender":"MALE", "age":37},{"name":"Lorenzo Coto", "gender":"MALE", "age":110},{"name":"Gabriela Sanchez", "gender":"MALE", "age":114},{"name":"Lorenzo Coto", "gender":"MALE", "age":65},{"name":"Gabriela Ramirez", "gender":"FEMALE", "age":93},{"name":"Lorenzo Hernandez", "gender":"MALE", "age":43},{"name":"Diego Ramirez", "gender":"FEMALE", "age":111},{"name":"Hanna Soto", "gender":"FEMALE", "age":51},{"name":"Gabriela Hernandez", "gender":"MALE", "age":64},{"name":"Gabriela Ramirez", "gender":"FEMALE", "age":51},{"name":"Ana Arias", "gender":"FEMALE", "age":46},{"name":"Jorge Perez", "gender":"MALE", "age":12},{"name":"Enrique Mora", "gender":"MALE", "age":30},{"name":"Ana Chin", "gender":"MALE", "age":91},{"name":"Hanna Sanchez", "gender":"FEMALE", "age":6},{"name":"Diego Herrera", "gender":"FEMALE", "age":98},{"name":"Diego Salas", "gender":"FEMALE", "age":62},{"name":"Enrique Brenes", "gender":"MALE", "age":15},{"name":"Fernanda Brenes", "gender":"MALE", "age":46},{"name":"Alberto Salas", "gender":"FEMALE", "age":75},{"name":"Enrique Solis", "gender":"MALE", "age":64},{"name":"Juan Ramirez", "gender":"MALE", "age":72},{"name":"Jose Gonzalez", "gender":"MALE", "age":116},{"name":"Lorenzo Gomez", "gender":"FEMALE", "age":59},{"name":"Bernardo Arias", "gender":"MALE", "age":78},{"name":"Diego Salas", "gender":"FEMALE", "age":12},{"name":"Diego Brenes", "gender":"FEMALE", "age":109},{"name":"Jose Soto", "gender":"MALE", "age":60},{"name":"Hanna Hernandez", "gender":"MALE", "age":93},{"name":"Diego Brenes", "gender":"MALE", "age":112},{"name":"Alberto Arias", "gender":"FEMALE", "age":38},{"name":"Gabriela Sanchez", "gender":"MALE", "age":91},{"name":"Bernardo Herrera", "gender":"FEMALE", "age":95},{"name":"Diego Arias", "gender":"MALE", "age":72},{"name":"Lorenzo Solis", "gender":"MALE", "age":47},{"name":"Carlos Gomez", "gender":"FEMALE", "age":102},{"name":"Alberto Salas", "gender":"MALE", "age":96},{"name":"Gabriela Perez", "gender":"FEMALE", "age":43},{"name":"Lorenzo Solis", "gender":"FEMALE", "age":50},{"name":"Diego Soto", "gender":"MALE", "age":36},{"name":"Diana Soto", "gender":"MALE", "age":25},{"name":"Ana Chin", "gender":"MALE", "age":44},{"name":"Bernardo Perez", "gender":"MALE", "age":28},{"name":"Alberto Coto", "gender":"MALE", "age":61},{"name":"Diego Brenes", "gender":"MALE", "age":74},{"name":"Gabriela Rodriguez", "gender":"FEMALE", "age":50},{"name":"Jorge Brenes", "gender":"FEMALE", "age":118},{"name":"Lorenzo Salas", "gender":"MALE", "age":88},{"name":"Jorge Gonzalez", "gender":"FEMALE", "age":40},{"name":"Bernardo Solis", "gender":"MALE", "age":48},{"name":"Alberto Herrera", "gender":"MALE", "age":4},{"name":"Enrique Hernandez", "gender":"MALE", "age":9},{"name":"Jose Sanchez", "gender":"FEMALE", "age":4},{"name":"Lorenzo Gonzalez", "gender":"FEMALE", "age":53},{"name":"Gabriela Arias", "gender":"FEMALE", "age":19},{"name":"Jorge Gomez", "gender":"MALE", "age":70},{"name":"Gabriela Chin", "gender":"FEMALE", "age":107},{"name":"Jose Chin", "gender":"FEMALE", "age":68},{"name":"Enrique Chin", "gender":"FEMALE", "age":0},{"name":"Fernanda Gomez", "gender":"MALE", "age":95},{"name":"Lorenzo Herrera", "gender":"FEMALE", "age":60},{"name":"Alberto Ramirez", "gender":"FEMALE", "age":19},{"name":"Juan Perez", "gender":"FEMALE", "age":81},{"name":"Diana Herrera", "gender":"MALE", "age":94},{"name":"Jose Perez", "gender":"FEMALE", "age":82},{"name":"Diego Rodriguez", "gender":"FEMALE", "age":111},{"name":"Alberto Soto", "gender":"MALE", "age":118},{"name":"Jorge Hernandez", "gender":"FEMALE", "age":106},{"name":"Enrique Herrera", "gender":"FEMALE", "age":42},{"name":"Gabriela Soto", "gender":"MALE", "age":118},{"name":"Enrique Chin", "gender":"MALE", "age":96},{"name":"Jorge Herrera", "gender":"FEMALE", "age":95},{"name":"Alberto Rodriguez", "gender":"MALE", "age":61},{"name":"Juan Arias", "gender":"MALE", "age":21},{"name":"Alberto Solis", "gender":"FEMALE", "age":56},{"name":"Juan Salas", "gender":"MALE", "age":114},{"name":"Juan Herrera", "gender":"MALE", "age":32},{"name":"Jose Mora", "gender":"MALE", "age":28},{"name":"Juan Perez", "gender":"FEMALE", "age":113},{"name":"Bernardo Perez", "gender":"MALE", "age":13},{"name":"Carlos Salas", "gender":"FEMALE", "age":1},{"name":"Hanna Soto", "gender":"FEMALE", "age":30},{"name":"Juan Sanchez", "gender":"MALE", "age":21},{"name":"Enrique Hernandez", "gender":"MALE", "age":27},{"name":"Diego Gomez", "gender":"MALE", "age":76},{"name":"Lorenzo Ramirez", "gender":"MALE", "age":50},{"name":"Lorenzo Rodriguez", "gender":"FEMALE", "age":0},{"name":"Diana Hernandez", "gender":"FEMALE", "age":116},{"name":"Ana Marin", "gender":"FEMALE", "age":101},{"name":"Juan Rodriguez", "gender":"FEMALE", "age":15},{"name":"Fernanda Soto", "gender":"FEMALE", "age":19},{"name":"Diego Gomez", "gender":"FEMALE", "age":14},{"name":"Carlos Coto", "gender":"FEMALE", "age":87},{"name":"Hanna Bermudez", "gender":"MALE", "age":108},{"name":"Enrique Mora", "gender":"FEMALE", "age":55},{"name":"Fernanda Marin", "gender":"MALE", "age":45},{"name":"Juan Arias", "gender":"MALE", "age":31},{"name":"Juan Brenes", "gender":"FEMALE", "age":84},{"name":"Juan Hernandez", "gender":"MALE", "age":23},{"name":"Diego Marin", "gender":"FEMALE", "age":83},{"name":"Diego Gomez", "gender":"MALE", "age":1},{"name":"Carlos Ramirez", "gender":"MALE", "age":101},{"name":"Lorenzo Rodriguez", "gender":"FEMALE", "age":21},{"name":"Lorenzo Marin", "gender":"MALE", "age":16},{"name":"Diego Gonzalez", "gender":"FEMALE", "age":20},{"name":"Juan Perez", "gender":"MALE", "age":38},{"name":"Diana Brenes", "gender":"FEMALE", "age":113},{"name":"Alberto Soto", "gender":"FEMALE", "age":22},{"name":"Bernardo Gonzalez", "gender":"MALE", "age":42},{"name":"Enrique Perez", "gender":"FEMALE", "age":117},{"name":"Gabriela Sanchez", "gender":"FEMALE", "age":94},{"name":"Diego Herrera", "gender":"MALE", "age":21},{"name":"Bernardo Solis", "gender":"FEMALE", "age":35},{"name":"Enrique Salas", "gender":"FEMALE", "age":111},{"name":"Gabriela Sanchez", "gender":"MALE", "age":47},{"name":"Diego Arias", "gender":"MALE", "age":51},{"name":"Juan Brenes", "gender":"MALE", "age":62},{"name":"Jorge Bermudez", "gender":"MALE", "age":36},{"name":"Hanna Hernandez", "gender":"FEMALE", "age":63},{"name":"Juan Chin", "gender":"MALE", "age":13},{"name":"Diego Marin", "gender":"FEMALE", "age":101},{"name":"Diego Herrera", "gender":"FEMALE", "age":67},{"name":"Lorenzo Hernandez", "gender":"MALE", "age":26},{"name":"Lorenzo Bermudez", "gender":"FEMALE", "age":7},{"name":"Ana Sanchez", "gender":"FEMALE", "age":104},{"name":"Jose Herrera", "gender":"FEMALE", "age":17},{"name":"Juan Marin", "gender":"MALE", "age":98},{"name":"Alberto Coto", "gender":"FEMALE", "age":78},{"name":"Carlos Herrera", "gender":"FEMALE", "age":66},{"name":"Ana Bermudez", "gender":"FEMALE", "age":75},{"name":"Jorge Hernandez", "gender":"MALE", "age":50},{"name":"Alberto Ramirez", "gender":"FEMALE", "age":25},{"name":"Alberto Coto", "gender":"MALE", "age":82},{"name":"Hanna Gomez", "gender":"MALE", "age":114},{"name":"Jose Gomez", "gender":"MALE", "age":59},{"name":"Ana Gomez", "gender":"FEMALE", "age":90},{"name":"Bernardo Marin", "gender":"FEMALE", "age":87},{"name":"Diego Coto", "gender":"MALE", "age":97},{"name":"Bernardo Coto", "gender":"MALE", "age":18},{"name":"Carlos Coto", "gender":"FEMALE", "age":12},{"name":"Jose Marin", "gender":"MALE", "age":106},{"name":"Fernanda Ramirez", "gender":"MALE", "age":89},{"name":"Jorge Ramirez", "gender":"FEMALE", "age":55},{"name":"Diana Gonzalez", "gender":"FEMALE", "age":88},{"name":"Fernanda Gomez", "gender":"FEMALE", "age":116},{"name":"Gabriela Hernandez", "gender":"FEMALE", "age":64},{"name":"Hanna Chin", "gender":"MALE", "age":40},{"name":"Jose Chin", "gender":"FEMALE", "age":97},{"name":"Gabriela Marin", "gender":"MALE", "age":109},{"name":"Bernardo Salas", "gender":"MALE", "age":80},{"name":"Diego Ramirez", "gender":"FEMALE", "age":64},{"name":"Enrique Bermudez", "gender":"FEMALE", "age":87},{"name":"Carlos Chin", "gender":"FEMALE", "age":87},{"name":"Enrique Marin", "gender":"MALE", "age":2},{"name":"Jose Gonzalez", "gender":"MALE", "age":38},{"name":"Hanna Coto", "gender":"FEMALE", "age":21},{"name":"Diego Gonzalez", "gender":"MALE", "age":10},{"name":"Diego Gomez", "gender":"MALE", "age":76},{"name":"Ana Herrera", "gender":"MALE", "age":41},{"name":"Ana Brenes", "gender":"FEMALE", "age":77},{"name":"Juan Salas", "gender":"MALE", "age":33},{"name":"Diego Brenes", "gender":"MALE", "age":115},{"name":"Juan Ramirez", "gender":"FEMALE", "age":65},{"name":"Enrique Ramirez", "gender":"MALE", "age":69},{"name":"Bernardo Sanchez", "gender":"MALE", "age":119},{"name":"Diego Ramirez", "gender":"FEMALE", "age":92},{"name":"Ana Rodriguez", "gender":"FEMALE", "age":48},{"name":"Bernardo Hernandez", "gender":"MALE", "age":80},{"name":"Diana Soto", "gender":"MALE", "age":84},{"name":"Diana Gonzalez", "gender":"MALE", "age":4},{"name":"Enrique Herrera", "gender":"MALE", "age":63},{"name":"Carlos Mora", "gender":"FEMALE", "age":42},{"name":"Lorenzo Salas", "gender":"MALE", "age":118},{"name":"Diego Brenes", "gender":"MALE", "age":24},{"name":"Enrique Soto", "gender":"FEMALE", "age":113},{"name":"Alberto Marin", "gender":"FEMALE", "age":70},{"name":"Ana Marin", "gender":"MALE", "age":62},{"name":"Bernardo Herrera", "gender":"MALE", "age":5},{"name":"Alberto Solis", "gender":"FEMALE", "age":21},{"name":"Diana Brenes", "gender":"FEMALE", "age":55},{"name":"Bernardo Sanchez", "gender":"MALE", "age":12},{"name":"Jose Gonzalez", "gender":"MALE", "age":104},{"name":"Diana Perez", "gender":"FEMALE", "age":35},{"name":"Diego Solis", "gender":"FEMALE", "age":103},{"name":"Juan Gomez", "gender":"MALE", "age":22},{"name":"Jorge Rodriguez", "gender":"FEMALE", "age":50},{"name":"Diana Herrera", "gender":"FEMALE", "age":31},{"name":"Gabriela Gonzalez", "gender":"MALE", "age":30},{"name":"Ana Gonzalez", "gender":"MALE", "age":81},{"name":"Lorenzo Herrera", "gender":"FEMALE", "age":116},{"name":"Juan Soto", "gender":"FEMALE", "age":82},{"name":"Diego Ramirez", "gender":"FEMALE", "age":67},{"name":"Gabriela Herrera", "gender":"FEMALE", "age":26},{"name":"Hanna Ramirez", "gender":"MALE", "age":10},{"name":"Enrique Coto", "gender":"FEMALE", "age":69},{"name":"Lorenzo Arias", "gender":"MALE", "age":59},{"name":"Bernardo Chin", "gender":"MALE", "age":67},{"name":"Diego Hernandez", "gender":"FEMALE", "age":93},{"name":"Enrique Hernandez", "gender":"MALE", "age":78},{"name":"Diego Brenes", "gender":"MALE", "age":16},{"name":"Juan Perez", "gender":"FEMALE", "age":60},{"name":"Lorenzo Solis", "gender":"MALE", "age":41},{"name":"Hanna Bermudez", "gender":"MALE", "age":16},{"name":"Hanna Hernandez", "gender":"MALE", "age":45},{"name":"Gabriela Solis", "gender":"FEMALE", "age":80},{"name":"Carlos Salas", "gender":"FEMALE", "age":94},{"name":"Bernardo Marin", "gender":"FEMALE", "age":114},{"name":"Gabriela Gomez", "gender":"MALE", "age":103},{"name":"Juan Salas", "gender":"FEMALE", "age":51},{"name":"Fernanda Bermudez", "gender":"MALE", "age":95},{"name":"Diana Arias", "gender":"MALE", "age":72},{"name":"Diego Herrera", "gender":"FEMALE", "age":7},{"name":"Diego Sanchez", "gender":"FEMALE", "age":87},{"name":"Jose Solis", "gender":"FEMALE", "age":85},{"name":"Alberto Mora", "gender":"FEMALE", "age":12},{"name":"Jorge Rodriguez", "gender":"FEMALE", "age":31},{"name":"Ana Gonzalez", "gender":"MALE", "age":47},{"name":"Gabriela Chin", "gender":"MALE", "age":9},{"name":"Diana Coto", "gender":"FEMALE", "age":51},{"name":"Ana Soto", "gender":"FEMALE", "age":20},{"name":"Diego Salas", "gender":"MALE", "age":65},{"name":"Diego Marin", "gender":"FEMALE", "age":72},{"name":"Gabriela Solis", "gender":"MALE", "age":94},{"name":"Carlos Brenes", "gender":"FEMALE", "age":3},{"name":"Carlos Herrera", "gender":"MALE", "age":55},{"name":"Enrique Arias", "gender":"MALE", "age":1},{"name":"Jorge Soto", "gender":"MALE", "age":79},{"name":"Diana Sanchez", "gender":"FEMALE", "age":62},{"name":"Diego Chin", "gender":"FEMALE", "age":32},{"name":"Bernardo Rodriguez", "gender":"MALE", "age":111},{"name":"Bernardo Marin", "gender":"MALE", "age":97},{"name":"Juan Herrera", "gender":"MALE", "age":85},{"name":"Alberto Herrera", "gender":"MALE", "age":87},{"name":"Fernanda Hernandez", "gender":"FEMALE", "age":78},{"name":"Diego Soto", "gender":"FEMALE", "age":61},{"name":"Fernanda Perez", "gender":"FEMALE", "age":79},{"name":"Jose Herrera", "gender":"MALE", "age":66},{"name":"Bernardo Salas", "gender":"FEMALE", "age":33},{"name":"Carlos Gomez", "gender":"MALE", "age":55},{"name":"Gabriela Ramirez", "gender":"MALE", "age":12},{"name":"Jose Mora", "gender":"FEMALE", "age":53},{"name":"Diego Sanchez", "gender":"MALE", "age":59},{"name":"Enrique Gomez", "gender":"MALE", "age":72},{"name":"Jose Rodriguez", "gender":"FEMALE", "age":5},{"name":"Juan Solis", "gender":"FEMALE", "age":53},{"name":"Ana Mora", "gender":"MALE", "age":8},{"name":"Ana Brenes", "gender":"FEMALE", "age":17},{"name":"Hanna Marin", "gender":"MALE", "age":2},{"name":"Diana Bermudez", "gender":"MALE", "age":84},{"name":"Jorge Hernandez", "gender":"FEMALE", "age":43},{"name":"Gabriela Sanchez", "gender":"MALE", "age":72},{"name":"Bernardo Chin", "gender":"MALE", "age":86},{"name":"Diana Mora", "gender":"MALE", "age":62},{"name":"Diego Arias", "gender":"MALE", "age":54},{"name":"Diego Gomez", "gender":"FEMALE", "age":43},{"name":"Lorenzo Coto", "gender":"MALE", "age":67},{"name":"Alberto Ramirez", "gender":"FEMALE", "age":50},{"name":"Carlos Soto", "gender":"MALE", "age":108},{"name":"Carlos Arias", "gender":"MALE", "age":85},{"name":"Alberto Rodriguez", "gender":"MALE", "age":92},{"name":"Carlos Arias", "gender":"FEMALE", "age":64},{"name":"Alberto Coto", "gender":"MALE", "age":96},{"name":"Gabriela Perez", "gender":"MALE", "age":85},{"name":"Diana Bermudez", "gender":"FEMALE", "age":38},{"name":"Diego Ramirez", "gender":"FEMALE", "age":61},{"name":"Jose Ramirez", "gender":"MALE", "age":61},{"name":"Ana Sanchez", "gender":"MALE", "age":71},{"name":"Bernardo Perez", "gender":"FEMALE", "age":109},{"name":"Jorge Soto", "gender":"MALE", "age":2},{"name":"Diego Solis", "gender":"MALE", "age":39},{"name":"Diana Gonzalez", "gender":"FEMALE", "age":72},{"name":"Enrique Rodriguez", "gender":"FEMALE", "age":35},{"name":"Enrique Ramirez", "gender":"MALE", "age":114},{"name":"Carlos Herrera", "gender":"FEMALE", "age":87},{"name":"Lorenzo Perez", "gender":"MALE", "age":13},{"name":"Diana Marin", "gender":"FEMALE", "age":60},{"name":"Fernanda Ramirez", "gender":"MALE", "age":95},{"name":"Diego Gonzalez", "gender":"FEMALE", "age":9},{"name":"Gabriela Herrera", "gender":"FEMALE", "age":28},{"name":"Jose Marin", "gender":"MALE", "age":94},{"name":"Juan Herrera", "gender":"FEMALE", "age":100},{"name":"Jorge Solis", "gender":"FEMALE", "age":96},{"name":"Fernanda Sanchez", "gender":"FEMALE", "age":32},{"name":"Lorenzo Perez", "gender":"MALE", "age":114},{"name":"Fernanda Sanchez", "gender":"FEMALE", "age":0},{"name":"Jorge Ramirez", "gender":"MALE", "age":96},{"name":"Jorge Chin", "gender":"FEMALE", "age":48},{"name":"Bernardo Gomez", "gender":"FEMALE", "age":115},{"name":"Ana Bermudez", "gender":"MALE", "age":86},{"name":"Diego Sanchez", "gender":"MALE", "age":46},{"name":"Carlos Marin", "gender":"FEMALE", "age":112},{"name":"Ana Solis", "gender":"MALE", "age":29},{"name":"Juan Arias", "gender":"FEMALE", "age":6},{"name":"Bernardo Chin", "gender":"FEMALE", "age":66},{"name":"Lorenzo Mora", "gender":"FEMALE", "age":98},{"name":"Jose Ramirez", "gender":"MALE", "age":91},{"name":"Fernanda Mora", "gender":"MALE", "age":111},{"name":"Carlos Ramirez", "gender":"FEMALE", "age":28},{"name":"Enrique Sanchez", "gender":"FEMALE", "age":45},{"name":"Carlos Brenes", "gender":"MALE", "age":31},{"name":"Diego Coto", "gender":"FEMALE", "age":114},{"name":"Fernanda Solis", "gender":"FEMALE", "age":87},{"name":"Carlos Chin", "gender":"MALE", "age":116},{"name":"Juan Perez", "gender":"FEMALE", "age":107},{"name":"Diego Bermudez", "gender":"FEMALE", "age":60},{"name":"Lorenzo Gomez", "gender":"MALE", "age":58},{"name":"Diego Herrera", "gender":"FEMALE", "age":25},{"name":"Jorge Gomez", "gender":"FEMALE", "age":23},{"name":"Jorge Marin", "gender":"MALE", "age":29},{"name":"Jose Sanchez", "gender":"MALE", "age":13},{"name":"Diego Herrera", "gender":"MALE", "age":53},{"name":"Diana Arias", "gender":"FEMALE", "age":41},{"name":"Jose Brenes", "gender":"MALE", "age":22},{"name":"Juan Herrera", "gender":"FEMALE", "age":96},{"name":"Jorge Coto", "gender":"FEMALE", "age":54},{"name":"Alberto Soto", "gender":"MALE", "age":35},{"name":"Diego Rodriguez", "gender":"FEMALE", "age":63},{"name":"Gabriela Bermudez", "gender":"MALE", "age":52},{"name":"Alberto Hernandez", "gender":"MALE", "age":11},{"name":"Ana Soto", "gender":"MALE", "age":105},{"name":"Ana Bermudez", "gender":"MALE", "age":94},{"name":"Enrique Gonzalez", "gender":"FEMALE", "age":19},{"name":"Fernanda Soto", "gender":"FEMALE", "age":111},{"name":"Carlos Rodriguez", "gender":"FEMALE", "age":15},{"name":"Juan Brenes", "gender":"FEMALE", "age":0},{"name":"Gabriela Herrera", "gender":"FEMALE", "age":88},{"name":"Juan Coto", "gender":"MALE", "age":108},{"name":"Carlos Salas", "gender":"FEMALE", "age":31},{"name":"Jose Gomez", "gender":"MALE", "age":19},{"name":"Enrique Rodriguez", "gender":"MALE", "age":77},{"name":"Jose Bermudez", "gender":"MALE", "age":63},{"name":"Diego Herrera", "gender":"MALE", "age":20},{"name":"Carlos Sanchez", "gender":"MALE", "age":79},{"name":"Diego Hernandez", "gender":"MALE", "age":87},{"name":"Enrique Arias", "gender":"MALE", "age":75},{"name":"Gabriela Arias", "gender":"MALE", "age":10},{"name":"Diana Rodriguez", "gender":"MALE", "age":53},{"name":"Ana Brenes", "gender":"FEMALE", "age":16},{"name":"Carlos Hernandez", "gender":"FEMALE", "age":98},{"name":"Jose Bermudez", "gender":"MALE", "age":76},{"name":"Diego Perez", "gender":"MALE", "age":38},{"name":"Diego Soto", "gender":"MALE", "age":11},{"name":"Gabriela Arias", "gender":"FEMALE", "age":104},{"name":"Jose Soto", "gender":"FEMALE", "age":103},{"name":"Jose Solis", "gender":"FEMALE", "age":28},{"name":"Lorenzo Marin", "gender":"FEMALE", "age":29},{"name":"Gabriela Sanchez", "gender":"MALE", "age":64},{"name":"Hanna Herrera", "gender":"FEMALE", "age":99},{"name":"Fernanda Chin", "gender":"MALE", "age":67},{"name":"Ana Herrera", "gender":"MALE", "age":5},{"name":"Ana Gomez", "gender":"MALE", "age":11},{"name":"Gabriela Herrera", "gender":"MALE", "age":19},{"name":"Jorge Hernandez", "gender":"FEMALE", "age":56},{"name":"Diana Bermudez", "gender":"MALE", "age":89},{"name":"Diego Arias", "gender":"MALE", "age":118},{"name":"Lorenzo Chin", "gender":"MALE", "age":24},{"name":"Gabriela Hernandez", "gender":"FEMALE", "age":103},{"name":"Hanna Chin", "gender":"MALE", "age":80},{"name":"Gabriela Coto", "gender":"MALE", "age":17},{"name":"Jose Brenes", "gender":"MALE", "age":57},{"name":"Juan Gomez", "gender":"MALE", "age":38},{"name":"Bernardo Arias", "gender":"FEMALE", "age":82},{"name":"Diana Rodriguez", "gender":"MALE", "age":50},{"name":"Ana Salas", "gender":"FEMALE", "age":91},{"name":"Jorge Bermudez", "gender":"MALE", "age":86},{"name":"Diego Arias", "gender":"FEMALE", "age":104},{"name":"Enrique Solis", "gender":"FEMALE", "age":100},{"name":"Enrique Gonzalez", "gender":"MALE", "age":30},{"name":"Fernanda Herrera", "gender":"MALE", "age":25},{"name":"Juan Brenes", "gender":"FEMALE", "age":94},{"name":"Diego Gonzalez", "gender":"FEMALE", "age":110},{"name":"Bernardo Salas", "gender":"MALE", "age":93},{"name":"Carlos Arias", "gender":"FEMALE", "age":60},{"name":"Diana Mora", "gender":"FEMALE", "age":101},{"name":"Diego Perez", "gender":"MALE", "age":81},{"name":"Lorenzo Brenes", "gender":"MALE", "age":119},{"name":"Lorenzo Bermudez", "gender":"MALE", "age":107},{"name":"Fernanda Ramirez", "gender":"FEMALE", "age":87},{"name":"Juan Gomez", "gender":"MALE", "age":95},{"name":"Diego Hernandez", "gender":"MALE", "age":12},{"name":"Gabriela Marin", "gender":"FEMALE", "age":28},{"name":"Enrique Chin", "gender":"MALE", "age":62},{"name":"Jorge Marin", "gender":"MALE", "age":64},{"name":"Bernardo Soto", "gender":"FEMALE", "age":15},{"name":"Juan Bermudez", "gender":"FEMALE", "age":18},{"name":"Hanna Salas", "gender":"FEMALE", "age":59},{"name":"Diana Hernandez", "gender":"FEMALE", "age":9},{"name":"Diana Bermudez", "gender":"FEMALE", "age":38},{"name":"Juan Ramirez", "gender":"FEMALE", "age":59},{"name":"Diego Brenes", "gender":"FEMALE", "age":53},{"name":"Gabriela Chin", "gender":"MALE", "age":47},{"name":"Jorge Mora", "gender":"MALE", "age":57},{"name":"Bernardo Sanchez", "gender":"MALE", "age":68},{"name":"Gabriela Salas", "gender":"MALE", "age":98},{"name":"Fernanda Rodriguez", "gender":"MALE", "age":49},{"name":"Hanna Chin", "gender":"FEMALE", "age":90},{"name":"Ana Mora", "gender":"MALE", "age":49},{"name":"Gabriela Chin", "gender":"MALE", "age":84},{"name":"Gabriela Chin", "gender":"FEMALE", "age":97},{"name":"Jose Brenes", "gender":"MALE", "age":75},{"name":"Jose Chin", "gender":"MALE", "age":88},{"name":"Fernanda Mora", "gender":"MALE", "age":70},{"name":"Jose Brenes", "gender":"MALE", "age":67},{"name":"Juan Sanchez", "gender":"FEMALE", "age":16},{"name":"Diego Soto", "gender":"MALE", "age":38},{"name":"Alberto Hernandez", "gender":"MALE", "age":30},{"name":"Diana Herrera", "gender":"FEMALE", "age":64},{"name":"Diego Sanchez", "gender":"MALE", "age":77},{"name":"Juan Ramirez", "gender":"MALE", "age":16},{"name":"Ana Brenes", "gender":"MALE", "age":118},{"name":"Lorenzo Rodriguez", "gender":"MALE", "age":11},{"name":"Juan Salas", "gender":"FEMALE", "age":33},{"name":"Lorenzo Gonzalez", "gender":"FEMALE", "age":82},{"name":"Fernanda Herrera", "gender":"FEMALE", "age":51},{"name":"Gabriela Sanchez", "gender":"FEMALE", "age":55},{"name":"Ana Coto", "gender":"FEMALE", "age":12},{"name":"Bernardo Solis", "gender":"FEMALE", "age":62},{"name":"Jorge Hernandez", "gender":"MALE", "age":9},{"name":"Juan Bermudez", "gender":"MALE", "age":72},{"name":"Jose Ramirez", "gender":"MALE", "age":55},{"name":"Fernanda Brenes", "gender":"MALE", "age":36},{"name":"Jorge Salas", "gender":"FEMALE", "age":71},{"name":"Hanna Mora", "gender":"FEMALE", "age":116},{"name":"Hanna Ramirez", "gender":"MALE", "age":70},{"name":"Diego Brenes", "gender":"FEMALE", "age":111},{"name":"Ana Coto", "gender":"MALE", "age":4},{"name":"Hanna Rodriguez", "gender":"FEMALE", "age":70},{"name":"Juan Perez", "gender":"FEMALE", "age":28},{"name":"Enrique Gonzalez", "gender":"FEMALE", "age":94},{"name":"Hanna Ramirez", "gender":"FEMALE", "age":5},{"name":"Ana Brenes", "gender":"FEMALE", "age":113},{"name":"Carlos Perez", "gender":"MALE", "age":117},{"name":"Ana Gomez", "gender":"FEMALE", "age":46},{"name":"Lorenzo Salas", "gender":"FEMALE", "age":25},{"name":"Diana Perez", "gender":"MALE", "age":73},{"name":"Bernardo Marin", "gender":"MALE", "age":25},{"name":"Fernanda Coto", "gender":"FEMALE", "age":14},{"name":"Jorge Perez", "gender":"FEMALE", "age":97},{"name":"Alberto Hernandez", "gender":"FEMALE", "age":99},{"name":"Fernanda Mora", "gender":"FEMALE", "age":46},{"name":"Carlos Ramirez", "gender":"FEMALE", "age":119},{"name":"Gabriela Soto", "gender":"FEMALE", "age":70},{"name":"Jorge Brenes", "gender":"FEMALE", "age":60},{"name":"Hanna Marin", "gender":"MALE", "age":24},{"name":"Carlos Perez", "gender":"MALE", "age":19},{"name":"Bernardo Gomez", "gender":"MALE", "age":108},{"name":"Diego Bermudez", "gender":"FEMALE", "age":56},{"name":"Hanna Salas", "gender":"FEMALE", "age":35},{"name":"Enrique Hernandez", "gender":"MALE", "age":94},{"name":"Fernanda Perez", "gender":"MALE", "age":44},{"name":"Juan Mora", "gender":"FEMALE", "age":44},{"name":"Enrique Gonzalez", "gender":"FEMALE", "age":25},{"name":"Jose Ramirez", "gender":"MALE", "age":13},{"name":"Juan Salas", "gender":"FEMALE", "age":78},{"name":"Hanna Salas", "gender":"MALE", "age":94},{"name":"Ana Sanchez", "gender":"FEMALE", "age":47},{"name":"Diego Chin", "gender":"FEMALE", "age":7},{"name":"Diego Ramirez", "gender":"MALE", "age":98},{"name":"Jorge Marin", "gender":"MALE", "age":81},{"name":"Gabriela Mora", "gender":"MALE", "age":21},{"name":"Lorenzo Ramirez", "gender":"MALE", "age":15},{"name":"Jose Coto", "gender":"FEMALE", "age":45},{"name":"Alberto Perez", "gender":"FEMALE", "age":4},{"name":"Lorenzo Marin", "gender":"FEMALE", "age":84},{"name":"Diana Marin", "gender":"MALE", "age":50},{"name":"Diego Chin", "gender":"MALE", "age":57},{"name":"Bernardo Solis", "gender":"MALE", "age":101},{"name":"Hanna Brenes", "gender":"FEMALE", "age":88},{"name":"Gabriela Perez", "gender":"MALE", "age":59},{"name":"Diego Rodriguez", "gender":"MALE", "age":52},{"name":"Enrique Ramirez", "gender":"MALE", "age":84},{"name":"Carlos Hernandez", "gender":"MALE", "age":4},{"name":"Diego Chin", "gender":"FEMALE", "age":39},{"name":"Alberto Gonzalez", "gender":"MALE", "age":85},{"name":"Alberto Gomez", "gender":"FEMALE", "age":46},{"name":"Lorenzo Mora", "gender":"FEMALE", "age":82},{"name":"Gabriela Coto", "gender":"MALE", "age":69},{"name":"Carlos Herrera", "gender":"MALE", "age":49},{"name":"Diego Chin", "gender":"FEMALE", "age":108},{"name":"Jorge Herrera", "gender":"MALE", "age":54},{"name":"Bernardo Ramirez", "gender":"FEMALE", "age":56},{"name":"Diana Soto", "gender":"MALE", "age":44},{"name":"Juan Perez", "gender":"FEMALE", "age":26},{"name":"Juan Mora", "gender":"FEMALE", "age":58},{"name":"Diana Rodriguez", "gender":"MALE", "age":114},{"name":"Carlos Rodriguez", "gender":"MALE", "age":34},{"name":"Bernardo Gonzalez", "gender":"MALE", "age":101},{"name":"Ana Coto", "gender":"FEMALE", "age":54},{"name":"Diana Arias", "gender":"FEMALE", "age":101},{"name":"Diego Arias", "gender":"MALE", "age":98},{"name":"Bernardo Herrera", "gender":"FEMALE", "age":38},{"name":"Lorenzo Herrera", "gender":"MALE", "age":24},{"name":"Diana Solis", "gender":"MALE", "age":30},{"name":"Fernanda Herrera", "gender":"MALE", "age":38},{"name":"Diana Perez", "gender":"MALE", "age":1},{"name":"Diego Perez", "gender":"MALE", "age":96},{"name":"Lorenzo Hernandez", "gender":"FEMALE", "age":62},{"name":"Bernardo Chin", "gender":"FEMALE", "age":41},{"name":"Gabriela Perez", "gender":"MALE", "age":101},{"name":"Fernanda Sanchez", "gender":"MALE", "age":77},{"name":"Jose Ramirez", "gender":"FEMALE", "age":28},{"name":"Diego Soto", "gender":"FEMALE", "age":94},{"name":"Diego Sanchez", "gender":"FEMALE", "age":41},{"name":"Enrique Ramirez", "gender":"FEMALE", "age":47},{"name":"Alberto Herrera", "gender":"FEMALE", "age":91},{"name":"Ana Soto", "gender":"MALE", "age":57},{"name":"Diego Arias", "gender":"MALE", "age":27},{"name":"Diego Bermudez", "gender":"MALE", "age":15},{"name":"Jose Rodriguez", "gender":"FEMALE", "age":110},{"name":"Diana Hernandez", "gender":"MALE", "age":45},{"name":"Hanna Marin", "gender":"MALE", "age":45},{"name":"Jose Brenes", "gender":"MALE", "age":107},{"name":"Diego Bermudez", "gender":"MALE", "age":17},{"name":"Alberto Arias", "gender":"FEMALE", "age":42},{"name":"Fernanda Herrera", "gender":"FEMALE", "age":12},{"name":"Diego Solis", "gender":"MALE", "age":32},{"name":"Ana Brenes", "gender":"FEMALE", "age":82},{"name":"Hanna Marin", "gender":"MALE", "age":51},{"name":"Gabriela Mora", "gender":"MALE", "age":65},{"name":"Carlos Hernandez", "gender":"MALE", "age":16},{"name":"Enrique Marin", "gender":"MALE", "age":3},{"name":"Diego Coto", "gender":"MALE", "age":110},{"name":"Carlos Perez", "gender":"MALE", "age":32},{"name":"Hanna Arias", "gender":"FEMALE", "age":33},{"name":"Gabriela Salas", "gender":"MALE", "age":63},{"name":"Carlos Chin", "gender":"FEMALE", "age":82},{"name":"Fernanda Soto", "gender":"MALE", "age":30},{"name":"Alberto Ramirez", "gender":"MALE", "age":71},{"name":"Jose Sanchez", "gender":"MALE", "age":1},{"name":"Lorenzo Coto", "gender":"MALE", "age":83},{"name":"Diana Brenes", "gender":"MALE", "age":88},{"name":"Lorenzo Gonzalez", "gender":"MALE", "age":100},{"name":"Enrique Hernandez", "gender":"MALE", "age":27},{"name":"Diana Marin", "gender":"FEMALE", "age":2},{"name":"Bernardo Gomez", "gender":"FEMALE", "age":4},{"name":"Fernanda Salas", "gender":"MALE", "age":15},{"name":"Carlos Herrera", "gender":"MALE", "age":51},{"name":"Alberto Rodriguez", "gender":"MALE", "age":4},{"name":"Carlos Arias", "gender":"MALE", "age":75},{"name":"Juan Salas", "gender":"MALE", "age":49},{"name":"Juan Gonzalez", "gender":"MALE", "age":12},{"name":"Diego Solis", "gender":"FEMALE", "age":57},{"name":"Enrique Rodriguez", "gender":"MALE", "age":58},{"name":"Diego Chin", "gender":"FEMALE", "age":108},{"name":"Lorenzo Ramirez", "gender":"MALE", "age":34},{"name":"Diana Ramirez", "gender":"MALE", "age":60},{"name":"Diego Soto", "gender":"MALE", "age":96},{"name":"Jose Gonzalez", "gender":"FEMALE", "age":25},{"name":"Hanna Coto", "gender":"FEMALE", "age":21},{"name":"Jose Perez", "gender":"MALE", "age":24},{"name":"Jorge Rodriguez", "gender":"MALE", "age":30},{"name":"Fernanda Coto", "gender":"FEMALE", "age":70},{"name":"Jorge Bermudez", "gender":"MALE", "age":116},{"name":"Bernardo Sanchez", "gender":"MALE", "age":68},{"name":"Bernardo Coto", "gender":"FEMALE", "age":90},{"name":"Ana Herrera", "gender":"MALE", "age":87},{"name":"Bernardo Herrera", "gender":"MALE", "age":2},{"name":"Bernardo Perez", "gender":"FEMALE", "age":107},{"name":"Fernanda Arias", "gender":"MALE", "age":14},{"name":"Juan Soto", "gender":"MALE", "age":113},{"name":"Diana Gonzalez", "gender":"FEMALE", "age":63},{"name":"Diana Gonzalez", "gender":"FEMALE", "age":12},{"name":"Juan Sanchez", "gender":"FEMALE", "age":102},{"name":"Jorge Gonzalez", "gender":"MALE", "age":81},{"name":"Alberto Sanchez", "gender":"FEMALE", "age":23},{"name":"Jorge Ramirez", "gender":"FEMALE", "age":66},{"name":"Fernanda Solis", "gender":"FEMALE", "age":107},{"name":"Jose Hernandez", "gender":"MALE", "age":83},{"name":"Juan Chin", "gender":"MALE", "age":8},{"name":"Ana Sanchez", "gender":"MALE", "age":53},{"name":"Diana Herrera", "gender":"FEMALE", "age":109},{"name":"Juan Solis", "gender":"MALE", "age":69},{"name":"Diego Ramirez", "gender":"FEMALE", "age":11},{"name":"Jorge Marin", "gender":"FEMALE", "age":27},{"name":"Diana Perez", "gender":"FEMALE", "age":93},{"name":"Alberto Mora", "gender":"FEMALE", "age":80},{"name":"Diana Mora", "gender":"MALE", "age":85},{"name":"Gabriela Soto", "gender":"FEMALE", "age":109},{"name":"Ana Soto", "gender":"FEMALE", "age":64},{"name":"Diego Bermudez", "gender":"MALE", "age":109},{"name":"Gabriela Coto", "gender":"FEMALE", "age":75},{"name":"Lorenzo Ramirez", "gender":"MALE", "age":51},{"name":"Jose Ramirez", "gender":"FEMALE", "age":64},{"name":"Jorge Gonzalez", "gender":"FEMALE", "age":78},{"name":"Enrique Rodriguez", "gender":"MALE", "age":96},{"name":"Juan Hernandez", "gender":"MALE", "age":74},{"name":"Alberto Herrera", "gender":"FEMALE", "age":6},{"name":"Hanna Mora", "gender":"FEMALE", "age":117},{"name":"Jorge Herrera", "gender":"MALE", "age":49},{"name":"Carlos Hernandez", "gender":"MALE", "age":67},{"name":"Hanna Hernandez", "gender":"FEMALE", "age":77},{"name":"Diego Perez", "gender":"MALE", "age":54},{"name":"Alberto Perez", "gender":"FEMALE", "age":16},{"name":"Ana Coto", "gender":"MALE", "age":110},{"name":"Jorge Herrera", "gender":"MALE", "age":25},{"name":"Carlos Ramirez", "gender":"FEMALE", "age":12},{"name":"Ana Herrera", "gender":"MALE", "age":97},{"name":"Jorge Brenes", "gender":"FEMALE", "age":92},{"name":"Diego Chin", "gender":"MALE", "age":104},{"name":"Diego Herrera", "gender":"MALE", "age":113},{"name":"Gabriela Coto", "gender":"FEMALE", "age":3},{"name":"Jorge Rodriguez", "gender":"MALE", "age":72},{"name":"Diego Coto", "gender":"MALE", "age":53},{"name":"Lorenzo Arias", "gender":"MALE", "age":87},{"name":"Diana Herrera", "gender":"MALE", "age":9},{"name":"Hanna Herrera", "gender":"MALE", "age":69},{"name":"Lorenzo Arias", "gender":"FEMALE", "age":115},{"name":"Bernardo Bermudez", "gender":"MALE", "age":30},{"name":"Bernardo Salas", "gender":"MALE", "age":96},{"name":"Juan Gomez", "gender":"FEMALE", "age":87},{"name":"Hanna Hernandez", "gender":"FEMALE", "age":61},{"name":"Juan Soto", "gender":"MALE", "age":76},{"name":"Enrique Gomez", "gender":"MALE", "age":11},{"name":"Gabriela Arias", "gender":"MALE", "age":75},{"name":"Carlos Rodriguez", "gender":"FEMALE", "age":67},{"name":"Bernardo Mora", "gender":"MALE", "age":27},{"name":"Alberto Gomez", "gender":"MALE", "age":63},{"name":"Enrique Ramirez", "gender":"FEMALE", "age":78},{"name":"Diego Gonzalez", "gender":"FEMALE", "age":61},{"name":"Hanna Herrera", "gender":"MALE", "age":5},{"name":"Alberto Marin", "gender":"MALE", "age":119},{"name":"Juan Sanchez", "gender":"FEMALE", "age":101},{"name":"Enrique Rodriguez", "gender":"FEMALE", "age":98},{"name":"Lorenzo Mora", "gender":"MALE", "age":17},{"name":"Diego Gomez", "gender":"FEMALE", "age":116},{"name":"Bernardo Brenes", "gender":"MALE", "age":60},{"name":"Diego Sanchez", "gender":"MALE", "age":75},{"name":"Alberto Herrera", "gender":"MALE", "age":61},{"name":"Diego Herrera", "gender":"FEMALE", "age":75},{"name":"Diego Coto", "gender":"MALE", "age":82},{"name":"Carlos Marin", "gender":"MALE", "age":105},{"name":"Bernardo Rodriguez", "gender":"FEMALE", "age":22},{"name":"Enrique Rodriguez", "gender":"FEMALE", "age":118},{"name":"Diego Sanchez", "gender":"MALE", "age":58},{"name":"Gabriela Gonzalez", "gender":"MALE", "age":108},{"name":"Hanna Herrera", "gender":"MALE", "age":34},{"name":"Jorge Chin", "gender":"FEMALE", "age":72},{"name":"Hanna Gonzalez", "gender":"MALE", "age":83},{"name":"Hanna Gonzalez", "gender":"MALE", "age":30},{"name":"Hanna Mora", "gender":"FEMALE", "age":64},{"name":"Ana Gomez", "gender":"FEMALE", "age":109},{"name":"Hanna Herrera", "gender":"FEMALE", "age":72},{"name":"Fernanda Herrera", "gender":"FEMALE", "age":32},{"name":"Enrique Coto", "gender":"MALE", "age":2},{"name":"Carlos Hernandez", "gender":"FEMALE", "age":39},{"name":"Enrique Sanchez", "gender":"MALE", "age":8},{"name":"Bernardo Gonzalez", "gender":"FEMALE", "age":59},{"name":"Carlos Hernandez", "gender":"MALE", "age":8},{"name":"Jose Solis", "gender":"MALE", "age":17},{"name":"Bernardo Herrera", "gender":"MALE", "age":10},{"name":"Lorenzo Mora", "gender":"FEMALE", "age":8},{"name":"Alberto Gomez", "gender":"FEMALE", "age":16},{"name":"Diana Brenes", "gender":"MALE", "age":87},{"name":"Fernanda Ramirez", "gender":"FEMALE", "age":105},{"name":"Lorenzo Soto", "gender":"FEMALE", "age":77},{"name":"Jorge Herrera", "gender":"FEMALE", "age":26},{"name":"Gabriela Chin", "gender":"FEMALE", "age":27},{"name":"Jorge Soto", "gender":"FEMALE", "age":60},{"name":"Fernanda Herrera", "gender":"MALE", "age":6},{"name":"Diego Gomez", "gender":"FEMALE", "age":96},{"name":"Lorenzo Salas", "gender":"FEMALE", "age":72},{"name":"Diego Bermudez", "gender":"FEMALE", "age":115},{"name":"Carlos Bermudez", "gender":"MALE", "age":96},{"name":"Juan Salas", "gender":"MALE", "age":98},{"name":"Diego Marin", "gender":"FEMALE", "age":10},{"name":"Carlos Salas", "gender":"FEMALE", "age":41},{"name":"Ana Ramirez", "gender":"MALE", "age":96},{"name":"Jorge Ramirez", "gender":"MALE", "age":2},{"name":"Jorge Gonzalez", "gender":"FEMALE", "age":45},{"name":"Carlos Marin", "gender":"FEMALE", "age":86},{"name":"Diego Soto", "gender":"FEMALE", "age":77},{"name":"Gabriela Rodriguez", "gender":"MALE", "age":68},{"name":"Jose Chin", "gender":"FEMALE", "age":74},{"name":"Diana Bermudez", "gender":"FEMALE", "age":9},{"name":"Diego Hernandez", "gender":"MALE", "age":9},{"name":"Fernanda Soto", "gender":"MALE", "age":75},{"name":"Bernardo Sanchez", "gender":"MALE", "age":62},{"name":"Bernardo Rodriguez", "gender":"FEMALE", "age":46},{"name":"Bernardo Mora", "gender":"MALE", "age":56},{"name":"Carlos Solis", "gender":"FEMALE", "age":77},{"name":"Gabriela Brenes", "gender":"FEMALE", "age":103},{"name":"Fernanda Sanchez", "gender":"MALE", "age":44},{"name":"Hanna Coto", "gender":"MALE", "age":29},{"name":"Jorge Chin", "gender":"MALE", "age":94},{"name":"Gabriela Coto", "gender":"FEMALE", "age":51},{"name":"Gabriela Coto", "gender":"MALE", "age":110},{"name":"Jorge Soto", "gender":"FEMALE", "age":13},{"name":"Gabriela Soto", "gender":"FEMALE", "age":80},{"name":"Enrique Arias", "gender":"FEMALE", "age":45},{"name":"Jose Gonzalez", "gender":"FEMALE", "age":111},{"name":"Enrique Perez", "gender":"MALE", "age":116},{"name":"Diego Solis", "gender":"MALE", "age":70},{"name":"Carlos Marin", "gender":"MALE", "age":9},{"name":"Diego Soto", "gender":"FEMALE", "age":98},{"name":"Alberto Perez", "gender":"FEMALE", "age":19},{"name":"Diego Brenes", "gender":"MALE", "age":115},{"name":"Jose Brenes", "gender":"MALE", "age":96},{"name":"Jose Sanchez", "gender":"FEMALE", "age":43},{"name":"Lorenzo Ramirez", "gender":"MALE", "age":7},{"name":"Enrique Gonzalez", "gender":"FEMALE", "age":118},{"name":"Lorenzo Rodriguez", "gender":"FEMALE", "age":56},{"name":"Diana Arias", "gender":"FEMALE", "age":27},{"name":"Alberto Chin", "gender":"FEMALE", "age":82},{"name":"Enrique Marin", "gender":"MALE", "age":100},{"name":"Jose Perez", "gender":"MALE", "age":65},{"name":"Bernardo Herrera", "gender":"MALE", "age":54},{"name":"Bernardo Hernandez", "gender":"MALE", "age":27},{"name":"Carlos Ramirez", "gender":"FEMALE", "age":45},{"name":"Diego Arias", "gender":"MALE", "age":88},{"name":"Enrique Sanchez", "gender":"MALE", "age":25},{"name":"Alberto Bermudez", "gender":"FEMALE", "age":86},{"name":"Diego Salas", "gender":"FEMALE", "age":37},{"name":"Diego Gomez", "gender":"MALE", "age":71},{"name":"Juan Rodriguez", "gender":"FEMALE", "age":42},{"name":"Hanna Hernandez", "gender":"MALE", "age":43},{"name":"Carlos Ramirez", "gender":"MALE", "age":14},{"name":"Gabriela Rodriguez", "gender":"FEMALE", "age":63},{"name":"Gabriela Herrera", "gender":"FEMALE", "age":104},{"name":"Enrique Herrera", "gender":"FEMALE", "age":34},{"name":"Gabriela Brenes", "gender":"FEMALE", "age":23},{"name":"Lorenzo Ramirez", "gender":"FEMALE", "age":54},{"name":"Enrique Hernandez", "gender":"MALE", "age":102},{"name":"Jose Bermudez", "gender":"FEMALE", "age":39},{"name":"Alberto Herrera", "gender":"MALE", "age":112},{"name":"Fernanda Rodriguez", "gender":"MALE", "age":76},{"name":"Diego Soto", "gender":"FEMALE", "age":61},{"name":"Diego Bermudez", "gender":"FEMALE", "age":28},{"name":"Fernanda Herrera", "gender":"MALE", "age":57},{"name":"Jose Ramirez", "gender":"FEMALE", "age":118},{"name":"Juan Herrera", "gender":"FEMALE", "age":90},{"name":"Hanna Hernandez", "gender":"MALE", "age":63},{"name":"Lorenzo Salas", "gender":"FEMALE", "age":88},{"name":"Enrique Solis", "gender":"MALE", "age":80},{"name":"Diana Brenes", "gender":"MALE", "age":58},{"name":"Hanna Herrera", "gender":"MALE", "age":94},{"name":"Diego Salas", "gender":"MALE", "age":106},{"name":"Ana Gonzalez", "gender":"MALE", "age":23},{"name":"Diana Solis", "gender":"MALE", "age":62},{"name":"Juan Hernandez", "gender":"MALE", "age":53},{"name":"Bernardo Soto", "gender":"FEMALE", "age":110},{"name":"Diana Mora", "gender":"MALE", "age":85},{"name":"Enrique Rodriguez", "gender":"MALE", "age":28},{"name":"Gabriela Chin", "gender":"MALE", "age":55},{"name":"Diana Solis", "gender":"MALE", "age":73},{"name":"Fernanda Marin", "gender":"FEMALE", "age":6},{"name":"Alberto Bermudez", "gender":"MALE", "age":114},{"name":"Bernardo Gonzalez", "gender":"FEMALE", "age":79},{"name":"Bernardo Arias", "gender":"MALE", "age":62},{"name":"Fernanda Gomez", "gender":"FEMALE", "age":11},{"name":"Lorenzo Bermudez", "gender":"MALE", "age":83},{"name":"Alberto Herrera", "gender":"MALE", "age":59},{"name":"Ana Gomez", "gender":"MALE", "age":69},{"name":"Diego Arias", "gender":"MALE", "age":46},{"name":"Gabriela Solis", "gender":"FEMALE", "age":97},{"name":"Bernardo Marin", "gender":"FEMALE", "age":50},{"name":"Diego Ramirez", "gender":"MALE", "age":44},{"name":"Bernardo Herrera", "gender":"FEMALE", "age":110},{"name":"Diego Hernandez", "gender":"MALE", "age":77},{"name":"Bernardo Sanchez", "gender":"FEMALE", "age":79},{"name":"Gabriela Sanchez", "gender":"FEMALE", "age":59},{"name":"Bernardo Herrera", "gender":"MALE", "age":7},{"name":"Gabriela Herrera", "gender":"FEMALE", "age":84},{"name":"Diego Sanchez", "gender":"FEMALE", "age":78},{"name":"Jose Perez", "gender":"FEMALE", "age":101},{"name":"Carlos Solis", "gender":"FEMALE", "age":11},{"name":"Diego Perez", "gender":"MALE", "age":93},{"name":"Ana Arias", "gender":"FEMALE", "age":105},{"name":"Enrique Bermudez", "gender":"MALE", "age":36},{"name":"Fernanda Gonzalez", "gender":"FEMALE", "age":41},{"name":"Carlos Sanchez", "gender":"FEMALE", "age":113},{"name":"Carlos Rodriguez", "gender":"FEMALE", "age":75},{"name":"Enrique Arias", "gender":"MALE", "age":52},{"name":"Gabriela Mora", "gender":"FEMALE", "age":76},{"name":"Hanna Ramirez", "gender":"MALE", "age":35},{"name":"Jorge Chin", "gender":"MALE", "age":5},{"name":"Diana Bermudez", "gender":"MALE", "age":57},{"name":"Fernanda Mora", "gender":"FEMALE", "age":32},{"name":"Jose Bermudez", "gender":"MALE", "age":62},{"name":"Fernanda Hernandez", "gender":"FEMALE", "age":15},{"name":"Juan Ramirez", "gender":"MALE", "age":79},{"name":"Jose Herrera", "gender":"MALE", "age":17},{"name":"Lorenzo Herrera", "gender":"MALE", "age":11},{"name":"Bernardo Solis", "gender":"MALE", "age":4},{"name":"Alberto Brenes", "gender":"MALE", "age":20},{"name":"Diana Bermudez", "gender":"FEMALE", "age":37},{"name":"Enrique Bermudez", "gender":"MALE", "age":101},{"name":"Diego Brenes", "gender":"FEMALE", "age":93},{"name":"Jorge Soto", "gender":"FEMALE", "age":116},{"name":"Diana Arias", "gender":"MALE", "age":45},{"name":"Fernanda Herrera", "gender":"MALE", "age":109},{"name":"Diego Mora", "gender":"MALE", "age":92},{"name":"Lorenzo Soto", "gender":"MALE", "age":19},{"name":"Bernardo Bermudez", "gender":"MALE", "age":58},{"name":"Ana Coto", "gender":"FEMALE", "age":71},{"name":"Bernardo Gonzalez", "gender":"FEMALE", "age":5},{"name":"Carlos Herrera", "gender":"FEMALE", "age":75}]